pname,pimgpath,pw,ph,phref,team
Brook Lopez,BrookLopez.jpg,282lb,7-0,https://www.basketball-reference.comhttps://www.basketball-reference.com/players/l/lopezbr01.html,Bucks
Bryn Forbes,BrynForbes.jpg,205lb,6-2,https://www.basketball-reference.comhttps://www.basketball-reference.com/players/f/forbebr01.html,Bucks
Pat Connaughton,PatConnaughton.jpg,209lb,6-5,https://www.basketball-reference.comhttps://www.basketball-reference.com/players/c/connapa01.html,Bucks
Khris Middleton,KhrisMiddleton.jpg,222lb,6-7,https://www.basketball-reference.comhttps://www.basketball-reference.com/players/m/middlkh01.html,Bucks
Bobby Portis,BobbyPortis.jpg,250lb,6-10,https://www.basketball-reference.comhttps://www.basketball-reference.com/players/p/portibo01.html,Bucks
Donte DiVincenzo,DonteDiVincenzo.jpg,203lb,6-4,https://www.basketball-reference.comhttps://www.basketball-reference.com/players/d/divindo01.html,Bucks
Giannis Antetokounmpo,GiannisAntetokounmpo.jpg,242lb,6-11,https://www.basketball-reference.comhttps://www.basketball-reference.com/players/a/antetgi01.html,Bucks
Jrue Holiday,JrueHoliday.jpg,205lb,6-3,https://www.basketball-reference.comhttps://www.basketball-reference.com/players/h/holidjr01.html,Bucks
Thanasis Antetokounmpo,ThanasisAntetokounmpo.jpg,219lb,6-6,https://www.basketball-reference.comhttps://www.basketball-reference.com/players/a/antetth01.html,Bucks
Jordan Nwora,JordanNwora.jpg,225lb,6-8,https://www.basketball-reference.comhttps://www.basketball-reference.com/players/n/nworajo01.html,Bucks
Sam Merrill,SamMerrill.jpg,205lb,6-4,https://www.basketball-reference.comhttps://www.basketball-reference.com/players/m/merrisa01.html,Bucks
Jeff Teague,JeffTeague.jpg,195lb,6-3,https://www.basketball-reference.comhttps://www.basketball-reference.com/players/t/teaguje01.html,Bucks
P.J. Tucker,PJTucker.jpg,245lb,6-5,https://www.basketball-reference.comhttps://www.basketball-reference.com/players/t/tuckepj01.html,Bucks
Mamadi Diakite,MamadiDiakite.jpg,228lb,6-9,https://www.basketball-reference.comhttps://www.basketball-reference.com/players/d/diakima01.html,Bucks
Axel Toupane,AxelToupane.jpg,197lb,6-7,https://www.basketball-reference.comhttps://www.basketball-reference.com/players/t/toupaax01.html,Bucks
Elijah Bryant,ElijahBryant.jpg,210lb,6-5,https://www.basketball-reference.comhttps://www.basketball-reference.com/players/b/bryanel01.html,Bucks
Justin Jackson,JustinJackson.jpg,220lb,6-8,https://www.basketball-reference.comhttps://www.basketball-reference.com/players/j/jacksju01.html,Bucks
Joe Harris,JoeHarris.jpg,220lb,6-6,https://www.basketball-reference.comhttps://www.basketball-reference.com/players/h/harrijo01.html,Nets
Jeff Green,JeffGreen.jpg,235lb,6-8,https://www.basketball-reference.comhttps://www.basketball-reference.com/players/g/greenje02.html,Nets
Bruce Brown,BruceBrown.jpg,202lb,6-4,https://www.basketball-reference.comhttps://www.basketball-reference.com/players/b/brownbr01.html,Nets
Landry Shamet,LandryShamet.jpg,190lb,6-4,https://www.basketball-reference.comhttps://www.basketball-reference.com/players/s/shamela01.html,Nets
Timothé Luwawu-Cabarrot,TimothLuwawuCabarrot.jpg,220lb,6-7,https://www.basketball-reference.comhttps://www.basketball-reference.com/players/l/luwawti01.html,Nets
DeAndre Jordan,DeAndreJordan.jpg,265lb,6-11,https://www.basketball-reference.comhttps://www.basketball-reference.com/players/j/jordade01.html,Nets
Kyrie Irving,KyrieIrving.jpg,195lb,6-2,https://www.basketball-reference.comhttps://www.basketball-reference.com/players/i/irvinky01.html,Nets
Tyler Johnson,TylerJohnson.jpg,186lb,6-3,https://www.basketball-reference.comhttps://www.basketball-reference.com/players/j/johnsty01.html,Nets
James Harden,JamesHarden.jpg,220lb,6-5,https://www.basketball-reference.comhttps://www.basketball-reference.com/players/h/hardeja01.html,Nets
Kevin Durant,KevinDurant.jpg,240lb,6-10,https://www.basketball-reference.comhttps://www.basketball-reference.com/players/d/duranke01.html,Nets
Nicolas Claxton,NicolasClaxton.jpg,215lb,6-11,https://www.basketball-reference.comhttps://www.basketball-reference.com/players/c/claxtni01.html,Nets
Blake Griffin,BlakeGriffin.jpg,250lb,6-10,https://www.basketball-reference.comhttps://www.basketball-reference.com/players/g/griffbl01.html,Nets
Reggie Perry,ReggiePerry.jpg,250lb,6-8,https://www.basketball-reference.comhttps://www.basketball-reference.com/players/p/perryre01.html,Nets
Chris Chiozza,ChrisChiozza.jpg,175lb,5-11,https://www.basketball-reference.comhttps://www.basketball-reference.com/players/c/chiozch01.html,Nets
Alize Johnson,AlizeJohnson.jpg,212lb,6-7,https://www.basketball-reference.comhttps://www.basketball-reference.com/players/j/johnsal02.html,Nets
Mike James,MikeJames.jpg,189lb,6-1,https://www.basketball-reference.comhttps://www.basketball-reference.com/players/j/jamesmi02.html,Nets
Spencer Dinwiddie,SpencerDinwiddie.jpg,215lb,6-5,https://www.basketball-reference.comhttps://www.basketball-reference.com/players/d/dinwisp01.html,Nets
Robin Lopez,RobinLopez.jpg,281lb,7-0,https://www.basketball-reference.comhttps://www.basketball-reference.com/players/l/lopezro01.html,Wizards
Russell Westbrook,RussellWestbrook.jpg,200lb,6-3,https://www.basketball-reference.comhttps://www.basketball-reference.com/players/w/westbru01.html,Wizards
Raul Neto,RaulNeto.jpg,180lb,6-1,https://www.basketball-reference.comhttps://www.basketball-reference.com/players/n/netora01.html,Wizards
Garrison Mathews,GarrisonMathews.jpg,215lb,6-5,https://www.basketball-reference.comhttps://www.basketball-reference.com/players/m/mathega01.html,Wizards
Bradley Beal,BradleyBeal.jpg,207lb,6-3,https://www.basketball-reference.comhttps://www.basketball-reference.com/players/b/bealbr01.html,Wizards
Rui Hachimura,RuiHachimura.jpg,230lb,6-8,https://www.basketball-reference.comhttps://www.basketball-reference.com/players/h/hachiru01.html,Wizards
Dāvis Bertāns,DvisBertns.jpg,225lb,6-10,https://www.basketball-reference.comhttps://www.basketball-reference.com/players/b/bertada01.html,Wizards
Alex Len,AlexLen.jpg,250lb,7-0,https://www.basketball-reference.comhttps://www.basketball-reference.com/players/l/lenal01.html,Wizards
Deni Avdija,DeniAvdija.jpg,210lb,6-9,https://www.basketball-reference.comhttps://www.basketball-reference.com/players/a/avdijde01.html,Wizards
Ish Smith,IshSmith.jpg,175lb,6-0,https://www.basketball-reference.comhttps://www.basketball-reference.com/players/s/smithis01.html,Wizards
Isaac Bonga,IsaacBonga.jpg,180lb,6-8,https://www.basketball-reference.comhttps://www.basketball-reference.com/players/b/bongais01.html,Wizards
Anthony Gill,AnthonyGill.jpg,230lb,6-7,https://www.basketball-reference.comhttps://www.basketball-reference.com/players/g/gillan01.html,Wizards
Daniel Gafford,DanielGafford.jpg,234lb,6-10,https://www.basketball-reference.comhttps://www.basketball-reference.com/players/g/gaffoda01.html,Wizards
Cassius Winston,CassiusWinston.jpg,185lb,6-1,https://www.basketball-reference.comhttps://www.basketball-reference.com/players/w/winstca01.html,Wizards
Chandler Hutchison,ChandlerHutchison.jpg,210lb,6-6,https://www.basketball-reference.comhttps://www.basketball-reference.com/players/h/hutchch01.html,Wizards
Thomas Bryant,ThomasBryant.jpg,248lb,6-10,https://www.basketball-reference.comhttps://www.basketball-reference.com/players/b/bryanth01.html,Wizards
Caleb Homesley,CalebHomesley.jpg,205lb,6-6,https://www.basketball-reference.comhttps://www.basketball-reference.com/players/h/homesca01.html,Wizards
Bojan Bogdanović,BojanBogdanovi.jpg,226lb,6-7,https://www.basketball-reference.comhttps://www.basketball-reference.com/players/b/bogdabo02.html,Jazz
Georges Niang,GeorgesNiang.jpg,230lb,6-7,https://www.basketball-reference.comhttps://www.basketball-reference.com/players/n/niangge01.html,Jazz
Rudy Gobert,RudyGobert.jpg,258lb,7-1,https://www.basketball-reference.comhttps://www.basketball-reference.com/players/g/goberru01.html,Jazz
Royce O'Neale,RoyceONeale.jpg,226lb,6-4,https://www.basketball-reference.comhttps://www.basketball-reference.com/players/o/onealro01.html,Jazz
Jordan Clarkson,JordanClarkson.jpg,194lb,6-4,https://www.basketball-reference.comhttps://www.basketball-reference.com/players/c/clarkjo01.html,Jazz
Derrick Favors,DerrickFavors.jpg,265lb,6-9,https://www.basketball-reference.comhttps://www.basketball-reference.com/players/f/favorde01.html,Jazz
Joe Ingles,JoeIngles.jpg,220lb,6-8,https://www.basketball-reference.comhttps://www.basketball-reference.com/players/i/inglejo01.html,Jazz
Miye Oni,MiyeOni.jpg,206lb,6-5,https://www.basketball-reference.comhttps://www.basketball-reference.com/players/o/onimi01.html,Jazz
Donovan Mitchell,DonovanMitchell.jpg,215lb,6-1,https://www.basketball-reference.comhttps://www.basketball-reference.com/players/m/mitchdo01.html,Jazz
Mike Conley,MikeConley.jpg,175lb,6-1,https://www.basketball-reference.comhttps://www.basketball-reference.com/players/c/conlemi01.html,Jazz
Trent Forrest,TrentForrest.jpg,210lb,6-4,https://www.basketball-reference.comhttps://www.basketball-reference.com/players/f/forretr01.html,Jazz
Juwan Morgan,JuwanMorgan.jpg,232lb,6-7,https://www.basketball-reference.comhttps://www.basketball-reference.com/players/m/morgaju01.html,Jazz
Jarrell Brantley,JarrellBrantley.jpg,250lb,6-5,https://www.basketball-reference.comhttps://www.basketball-reference.com/players/b/brantja01.html,Jazz
Matt Thomas,MattThomas.jpg,190lb,6-4,https://www.basketball-reference.comhttps://www.basketball-reference.com/players/t/thomama02.html,Jazz
Elijah Hughes,ElijahHughes.jpg,215lb,6-5,https://www.basketball-reference.comhttps://www.basketball-reference.com/players/h/hugheel01.html,Jazz
Ersan İlyasova,Ersanlyasova.jpg,235lb,6-9,https://www.basketball-reference.comhttps://www.basketball-reference.com/players/i/ilyaser01.html,Jazz
Udoka Azubuike,UdokaAzubuike.jpg,280lb,6-10,https://www.basketball-reference.comhttps://www.basketball-reference.com/players/a/azubuud01.html,Jazz
Enes Kanter,EnesKanter.jpg,250lb,6-10,https://www.basketball-reference.comhttps://www.basketball-reference.com/players/k/kanteen01.html,Blazers
Robert Covington,RobertCovington.jpg,209lb,6-7,https://www.basketball-reference.comhttps://www.basketball-reference.com/players/c/covinro01.html,Blazers
Carmelo Anthony,CarmeloAnthony.jpg,238lb,6-7,https://www.basketball-reference.comhttps://www.basketball-reference.com/players/a/anthoca01.html,Blazers
Damian Lillard,DamianLillard.jpg,195lb,6-2,https://www.basketball-reference.comhttps://www.basketball-reference.com/players/l/lillada01.html,Blazers
Anfernee Simons,AnferneeSimons.jpg,181lb,6-3,https://www.basketball-reference.comhttps://www.basketball-reference.com/players/s/simonan01.html,Blazers
Derrick Jones Jr.,DerrickJonesJr.jpg,210lb,6-5,https://www.basketball-reference.comhttps://www.basketball-reference.com/players/j/jonesde02.html,Blazers
Nassir Little,NassirLittle.jpg,220lb,6-5,https://www.basketball-reference.comhttps://www.basketball-reference.com/players/l/littlna01.html,Blazers
CJ McCollum,CJMcCollum.jpg,190lb,6-3,https://www.basketball-reference.comhttps://www.basketball-reference.com/players/m/mccolcj01.html,Blazers
Harry Giles,HarryGiles.jpg,240lb,6-11,https://www.basketball-reference.comhttps://www.basketball-reference.com/players/g/gilesha01.html,Blazers
Jusuf Nurkić,JusufNurki.jpg,290lb,6-11,https://www.basketball-reference.comhttps://www.basketball-reference.com/players/n/nurkiju01.html,Blazers
CJ Elleby,CJElleby.jpg,200lb,6-6,https://www.basketball-reference.comhttps://www.basketball-reference.com/players/e/ellebcj01.html,Blazers
Norman Powell,NormanPowell.jpg,215lb,6-3,https://www.basketball-reference.comhttps://www.basketball-reference.com/players/p/powelno01.html,Blazers
Keljin Blevins,KeljinBlevins.jpg,200lb,6-4,https://www.basketball-reference.comhttps://www.basketball-reference.com/players/b/blevike01.html,Blazers
Rondae Hollis-Jefferson,RondaeHollisJefferson.jpg,217lb,6-6,https://www.basketball-reference.comhttps://www.basketball-reference.com/players/h/holliro01.html,Blazers
T.J. Leaf,TJLeaf.jpg,222lb,6-10,https://www.basketball-reference.comhttps://www.basketball-reference.com/players/l/leaftj01.html,Blazers
Zach Collins,ZachCollins.jpg,250lb,6-11,https://www.basketball-reference.comhttps://www.basketball-reference.com/players/c/colliza01.html,Blazers
Mikal Bridges,MikalBridges.jpg,209lb,6-6,https://www.basketball-reference.comhttps://www.basketball-reference.com/players/b/bridgmi01.html,Suns
Chris Paul,ChrisPaul.jpg,175lb,6-0,https://www.basketball-reference.comhttps://www.basketball-reference.com/players/p/paulch01.html,Suns
Deandre Ayton,DeandreAyton.jpg,250lb,6-11,https://www.basketball-reference.comhttps://www.basketball-reference.com/players/a/aytonde01.html,Suns
Devin Booker,DevinBooker.jpg,206lb,6-5,https://www.basketball-reference.comhttps://www.basketball-reference.com/players/b/bookede01.html,Suns
Jae Crowder,JaeCrowder.jpg,235lb,6-6,https://www.basketball-reference.comhttps://www.basketball-reference.com/players/c/crowdja01.html,Suns
Cameron Johnson,CameronJohnson.jpg,210lb,6-8,https://www.basketball-reference.comhttps://www.basketball-reference.com/players/j/johnsca02.html,Suns
Cameron Payne,CameronPayne.jpg,183lb,6-1,https://www.basketball-reference.comhttps://www.basketball-reference.com/players/p/payneca01.html,Suns
Jevon Carter,JevonCarter.jpg,200lb,6-1,https://www.basketball-reference.comhttps://www.basketball-reference.com/players/c/carteje01.html,Suns
Dario Šarić,Darioari.jpg,225lb,6-10,https://www.basketball-reference.comhttps://www.basketball-reference.com/players/s/saricda01.html,Suns
Frank Kaminsky,FrankKaminsky.jpg,240lb,7-0,https://www.basketball-reference.comhttps://www.basketball-reference.com/players/k/kaminfr01.html,Suns
Langston Galloway,LangstonGalloway.jpg,200lb,6-1,https://www.basketball-reference.comhttps://www.basketball-reference.com/players/g/gallola01.html,Suns
Torrey Craig,TorreyCraig.jpg,221lb,6-7,https://www.basketball-reference.comhttps://www.basketball-reference.com/players/c/craigto01.html,Suns
E'Twaun Moore,ETwaunMoore.jpg,191lb,6-3,https://www.basketball-reference.comhttps://www.basketball-reference.com/players/m/mooreet01.html,Suns
Jalen Smith,JalenSmith.jpg,215lb,6-10,https://www.basketball-reference.comhttps://www.basketball-reference.com/players/s/smithja04.html,Suns
Abdel Nader,AbdelNader.jpg,225lb,6-5,https://www.basketball-reference.comhttps://www.basketball-reference.com/players/n/naderab01.html,Suns
Ty-Shon Alexander,TyShonAlexander.jpg,195lb,6-3,https://www.basketball-reference.comhttps://www.basketball-reference.com/players/a/alexaty01.html,Suns
Justin Holiday,JustinHoliday.jpg,180lb,6-6,https://www.basketball-reference.comhttps://www.basketball-reference.com/players/h/holidju01.html,Pacers
T.J. McConnell,TJMcConnell.jpg,190lb,6-1,https://www.basketball-reference.comhttps://www.basketball-reference.com/players/m/mccontj01.html,Pacers
Doug McDermott,DougMcDermott.jpg,225lb,6-7,https://www.basketball-reference.comhttps://www.basketball-reference.com/players/m/mcderdo01.html,Pacers
Aaron Holiday,AaronHoliday.jpg,185lb,6-0,https://www.basketball-reference.comhttps://www.basketball-reference.com/players/h/holidaa01.html,Pacers
Domantas Sabonis,DomantasSabonis.jpg,240lb,6-11,https://www.basketball-reference.comhttps://www.basketball-reference.com/players/s/sabondo01.html,Pacers
Malcolm Brogdon,MalcolmBrogdon.jpg,229lb,6-5,https://www.basketball-reference.comhttps://www.basketball-reference.com/players/b/brogdma01.html,Pacers
Edmond Sumner,EdmondSumner.jpg,196lb,6-4,https://www.basketball-reference.comhttps://www.basketball-reference.com/players/s/sumneed01.html,Pacers
Myles Turner,MylesTurner.jpg,250lb,6-11,https://www.basketball-reference.comhttps://www.basketball-reference.com/players/t/turnemy01.html,Pacers
Goga Bitadze,GogaBitadze.jpg,250lb,6-11,https://www.basketball-reference.comhttps://www.basketball-reference.com/players/b/bitadgo01.html,Pacers
Jeremy Lamb,JeremyLamb.jpg,180lb,6-5,https://www.basketball-reference.comhttps://www.basketball-reference.com/players/l/lambje01.html,Pacers
Caris LeVert,CarisLeVert.jpg,205lb,6-6,https://www.basketball-reference.comhttps://www.basketball-reference.com/players/l/leverca01.html,Pacers
Kelan Martin,KelanMartin.jpg,230lb,6-5,https://www.basketball-reference.comhttps://www.basketball-reference.com/players/m/martike03.html,Pacers
JaKarr Sampson,JaKarrSampson.jpg,214lb,6-7,https://www.basketball-reference.comhttps://www.basketball-reference.com/players/s/sampsja02.html,Pacers
Cassius Stanley,CassiusStanley.jpg,190lb,6-5,https://www.basketball-reference.comhttps://www.basketball-reference.com/players/s/stanlca01.html,Pacers
Oshae Brissett,OshaeBrissett.jpg,210lb,6-7,https://www.basketball-reference.comhttps://www.basketball-reference.com/players/b/brissos01.html,Pacers
Amida Brimah,AmidaBrimah.jpg,230lb,6-10,https://www.basketball-reference.comhttps://www.basketball-reference.com/players/b/brimaam01.html,Pacers
T.J. Warren,TJWarren.jpg,220lb,6-8,https://www.basketball-reference.comhttps://www.basketball-reference.com/players/w/warretj01.html,Pacers
Nikola Jokić,NikolaJoki.jpg,284lb,6-11,https://www.basketball-reference.comhttps://www.basketball-reference.com/players/j/jokicni01.html,Nuggets
Facundo Campazzo,FacundoCampazzo.jpg,195lb,5-10,https://www.basketball-reference.comhttps://www.basketball-reference.com/players/c/campafa01.html,Nuggets
Michael Porter Jr.,MichaelPorterJr.jpg,218lb,6-10,https://www.basketball-reference.comhttps://www.basketball-reference.com/players/p/portemi01.html,Nuggets
JaMychal Green,JaMychalGreen.jpg,227lb,6-8,https://www.basketball-reference.comhttps://www.basketball-reference.com/players/g/greenja01.html,Nuggets
Will Barton,WillBarton.jpg,181lb,6-6,https://www.basketball-reference.comhttps://www.basketball-reference.com/players/b/bartowi01.html,Nuggets
Paul Millsap,PaulMillsap.jpg,257lb,6-7,https://www.basketball-reference.comhttps://www.basketball-reference.com/players/m/millspa01.html,Nuggets
PJ Dozier,PJDozier.jpg,205lb,6-6,https://www.basketball-reference.comhttps://www.basketball-reference.com/players/d/doziepj01.html,Nuggets
Jamal Murray,JamalMurray.jpg,215lb,6-3,https://www.basketball-reference.comhttps://www.basketball-reference.com/players/m/murraja01.html,Nuggets
Monte Morris,MonteMorris.jpg,183lb,6-2,https://www.basketball-reference.comhttps://www.basketball-reference.com/players/m/morrimo01.html,Nuggets
Zeke Nnaji,ZekeNnaji.jpg,240lb,6-9,https://www.basketball-reference.comhttps://www.basketball-reference.com/players/n/nnajize01.html,Nuggets
Vlatko Čančar,Vlatkoanar.jpg,236lb,6-8,https://www.basketball-reference.comhttps://www.basketball-reference.com/players/c/cancavl01.html,Nuggets
Markus Howard,MarkusHoward.jpg,175lb,5-10,https://www.basketball-reference.comhttps://www.basketball-reference.com/players/h/howarma02.html,Nuggets
Bol Bol,BolBol.jpg,220lb,7-2,https://www.basketball-reference.comhttps://www.basketball-reference.com/players/b/bolbo01.html,Nuggets
Aaron Gordon,AaronGordon.jpg,235lb,6-8,https://www.basketball-reference.comhttps://www.basketball-reference.com/players/g/gordoaa01.html,Nuggets
Shaquille Harrison,ShaquilleHarrison.jpg,190lb,6-7,https://www.basketball-reference.comhttps://www.basketball-reference.com/players/h/harrish01.html,Nuggets
Austin Rivers,AustinRivers.jpg,200lb,6-4,https://www.basketball-reference.comhttps://www.basketball-reference.com/players/r/riverau01.html,Nuggets
JaVale McGee,JaValeMcGee.jpg,270lb,7-0,https://www.basketball-reference.comhttps://www.basketball-reference.com/players/m/mcgeeja01.html,Nuggets
Eric Bledsoe,EricBledsoe.jpg,214lb,6-1,https://www.basketball-reference.comhttps://www.basketball-reference.com/players/b/bledser01.html,Pelicans
Zion Williamson,ZionWilliamson.jpg,284lb,6-7,https://www.basketball-reference.comhttps://www.basketball-reference.com/players/w/willizi01.html,Pelicans
Brandon Ingram,BrandonIngram.jpg,190lb,6-8,https://www.basketball-reference.comhttps://www.basketball-reference.com/players/i/ingrabr01.html,Pelicans
Jaxson Hayes,JaxsonHayes.jpg,220lb,6-11,https://www.basketball-reference.comhttps://www.basketball-reference.com/players/h/hayesja02.html,Pelicans
Steven Adams,StevenAdams.jpg,265lb,6-11,https://www.basketball-reference.comhttps://www.basketball-reference.com/players/a/adamsst01.html,Pelicans
Lonzo Ball,LonzoBall.jpg,190lb,6-6,https://www.basketball-reference.comhttps://www.basketball-reference.com/players/b/balllo01.html,Pelicans
Kira Lewis Jr.,KiraLewisJr.jpg,170lb,6-1,https://www.basketball-reference.comhttps://www.basketball-reference.com/players/l/lewiski01.html,Pelicans
Josh Hart,JoshHart.jpg,215lb,6-5,https://www.basketball-reference.comhttps://www.basketball-reference.com/players/h/hartjo01.html,Pelicans
Willy Hernangómez,WillyHernangmez.jpg,250lb,6-11,https://www.basketball-reference.comhttps://www.basketball-reference.com/players/h/hernawi01.html,Pelicans
Nickeil Alexander-Walker,NickeilAlexanderWalker.jpg,205lb,6-6,https://www.basketball-reference.comhttps://www.basketball-reference.com/players/a/alexani01.html,Pelicans
Naji Marshall,NajiMarshall.jpg,220lb,6-7,https://www.basketball-reference.comhttps://www.basketball-reference.com/players/m/marshna01.html,Pelicans
James Johnson,JamesJohnson.jpg,240lb,6-7,https://www.basketball-reference.comhttps://www.basketball-reference.com/players/j/johnsja01.html,Pelicans
Wenyen Gabriel,WenyenGabriel.jpg,205lb,6-9,https://www.basketball-reference.comhttps://www.basketball-reference.com/players/g/gabriwe01.html,Pelicans
Wesley Iwundu,WesleyIwundu.jpg,195lb,6-6,https://www.basketball-reference.comhttps://www.basketball-reference.com/players/i/iwundwe01.html,Pelicans
James Nunnally,JamesNunnally.jpg,208lb,6-7,https://www.basketball-reference.comhttps://www.basketball-reference.com/players/n/nunnaja01.html,Pelicans
Didi Louzada,DidiLouzada.jpg,188lb,6-5,https://www.basketball-reference.comhttps://www.basketball-reference.com/players/l/louzama01.html,Pelicans
Ivica Zubac,IvicaZubac.jpg,240lb,7-0,https://www.basketball-reference.comhttps://www.basketball-reference.com/players/z/zubaciv01.html,Clippers
Reggie Jackson,ReggieJackson.jpg,208lb,6-2,https://www.basketball-reference.comhttps://www.basketball-reference.com/players/j/jacksre01.html,Clippers
Nicolas Batum,NicolasBatum.jpg,230lb,6-8,https://www.basketball-reference.comhttps://www.basketball-reference.com/players/b/batumni01.html,Clippers
Terance Mann,TeranceMann.jpg,215lb,6-5,https://www.basketball-reference.comhttps://www.basketball-reference.com/players/m/mannte01.html,Clippers
Luke Kennard,LukeKennard.jpg,206lb,6-5,https://www.basketball-reference.comhttps://www.basketball-reference.com/players/k/kennalu01.html,Clippers
Marcus Morris,MarcusMorris.jpg,218lb,6-8,https://www.basketball-reference.comhttps://www.basketball-reference.com/players/m/morrima03.html,Clippers
Paul George,PaulGeorge.jpg,220lb,6-8,https://www.basketball-reference.comhttps://www.basketball-reference.com/players/g/georgpa01.html,Clippers
Kawhi Leonard,KawhiLeonard.jpg,225lb,6-7,https://www.basketball-reference.comhttps://www.basketball-reference.com/players/l/leonaka01.html,Clippers
Amir Coffey,AmirCoffey.jpg,210lb,6-7,https://www.basketball-reference.comhttps://www.basketball-reference.com/players/c/coffeam01.html,Clippers
Serge Ibaka,SergeIbaka.jpg,235lb,6-10,https://www.basketball-reference.comhttps://www.basketball-reference.com/players/i/ibakase01.html,Clippers
Patrick Patterson,PatrickPatterson.jpg,235lb,6-8,https://www.basketball-reference.comhttps://www.basketball-reference.com/players/p/pattepa01.html,Clippers
Patrick Beverley,PatrickBeverley.jpg,180lb,6-1,https://www.basketball-reference.comhttps://www.basketball-reference.com/players/b/beverpa01.html,Clippers
Daniel Oturu,DanielOturu.jpg,240lb,6-8,https://www.basketball-reference.comhttps://www.basketball-reference.com/players/o/oturuda01.html,Clippers
Rajon Rondo,RajonRondo.jpg,180lb,6-1,https://www.basketball-reference.comhttps://www.basketball-reference.com/players/r/rondora01.html,Clippers
DeMarcus Cousins,DeMarcusCousins.jpg,270lb,6-10,https://www.basketball-reference.comhttps://www.basketball-reference.com/players/c/couside01.html,Clippers
Yogi Ferrell,YogiFerrell.jpg,178lb,6-0,https://www.basketball-reference.comhttps://www.basketball-reference.com/players/f/ferreyo01.html,Clippers
Jay Scrubb,JayScrubb.jpg,220lb,6-5,https://www.basketball-reference.comhttps://www.basketball-reference.com/players/s/scrubja01.html,Clippers
Solomon Hill,SolomonHill.jpg,226lb,6-6,https://www.basketball-reference.comhttps://www.basketball-reference.com/players/h/hillso01.html,Hawks
Kevin Huerter,KevinHuerter.jpg,190lb,6-7,https://www.basketball-reference.comhttps://www.basketball-reference.com/players/h/huertke01.html,Hawks
Trae Young,TraeYoung.jpg,180lb,6-1,https://www.basketball-reference.comhttps://www.basketball-reference.com/players/y/youngtr01.html,Hawks
John Collins,JohnCollins.jpg,235lb,6-9,https://www.basketball-reference.comhttps://www.basketball-reference.com/players/c/collijo01.html,Hawks
Clint Capela,ClintCapela.jpg,240lb,6-10,https://www.basketball-reference.comhttps://www.basketball-reference.com/players/c/capelca01.html,Hawks
Danilo Gallinari,DaniloGallinari.jpg,233lb,6-10,https://www.basketball-reference.comhttps://www.basketball-reference.com/players/g/gallida01.html,Hawks
Onyeka Okongwu,OnyekaOkongwu.jpg,235lb,6-8,https://www.basketball-reference.comhttps://www.basketball-reference.com/players/o/okongon01.html,Hawks
Tony Snell,TonySnell.jpg,213lb,6-6,https://www.basketball-reference.comhttps://www.basketball-reference.com/players/s/snellto01.html,Hawks
Brandon Goodwin,BrandonGoodwin.jpg,180lb,6-0,https://www.basketball-reference.comhttps://www.basketball-reference.com/players/g/goodwbr01.html,Hawks
Bogdan Bogdanović,BogdanBogdanovi.jpg,220lb,6-6,https://www.basketball-reference.comhttps://www.basketball-reference.com/players/b/bogdabo01.html,Hawks
Nathan Knight,NathanKnight.jpg,253lb,6-10,https://www.basketball-reference.comhttps://www.basketball-reference.com/players/k/knighna01.html,Hawks
Skylar Mays,SkylarMays.jpg,205lb,6-4,https://www.basketball-reference.comhttps://www.basketball-reference.com/players/m/mayssk01.html,Hawks
Bruno Fernando,BrunoFernando.jpg,240lb,6-9,https://www.basketball-reference.comhttps://www.basketball-reference.com/players/f/fernabr01.html,Hawks
Cam Reddish,CamReddish.jpg,218lb,6-8,https://www.basketball-reference.comhttps://www.basketball-reference.com/players/r/reddica01.html,Hawks
Lou Williams,LouWilliams.jpg,175lb,6-1,https://www.basketball-reference.comhttps://www.basketball-reference.com/players/w/willilo02.html,Hawks
De'Andre Hunter,DeAndreHunter.jpg,225lb,6-8,https://www.basketball-reference.comhttps://www.basketball-reference.com/players/h/huntede01.html,Hawks
Kris Dunn,KrisDunn.jpg,205lb,6-3,https://www.basketball-reference.comhttps://www.basketball-reference.com/players/d/dunnkr01.html,Hawks
Buddy Hield,BuddyHield.jpg,220lb,6-4,https://www.basketball-reference.comhttps://www.basketball-reference.com/players/h/hieldbu01.html,Kings
Richaun Holmes,RichaunHolmes.jpg,235lb,6-10,https://www.basketball-reference.comhttps://www.basketball-reference.com/players/h/holmeri01.html,Kings
De'Aaron Fox,DeAaronFox.jpg,185lb,6-3,https://www.basketball-reference.comhttps://www.basketball-reference.com/players/f/foxde01.html,Kings
Harrison Barnes,HarrisonBarnes.jpg,225lb,6-8,https://www.basketball-reference.comhttps://www.basketball-reference.com/players/b/barneha02.html,Kings
Tyrese Haliburton,TyreseHaliburton.jpg,185lb,6-5,https://www.basketball-reference.comhttps://www.basketball-reference.com/players/h/halibty01.html,Kings
Marvin Bagley III,MarvinBagleyIII.jpg,235lb,6-11,https://www.basketball-reference.comhttps://www.basketball-reference.com/players/b/baglema01.html,Kings
Hassan Whiteside,HassanWhiteside.jpg,265lb,7-0,https://www.basketball-reference.comhttps://www.basketball-reference.com/players/w/whiteha01.html,Kings
Chimezie Metu,ChimezieMetu.jpg,225lb,6-9,https://www.basketball-reference.comhttps://www.basketball-reference.com/players/m/metuch01.html,Kings
Justin James,JustinJames.jpg,190lb,6-7,https://www.basketball-reference.comhttps://www.basketball-reference.com/players/j/jamesju01.html,Kings
Kyle Guy,KyleGuy.jpg,167lb,6-1,https://www.basketball-reference.comhttps://www.basketball-reference.com/players/g/guyky01.html,Kings
Terence Davis,TerenceDavis.jpg,201lb,6-4,https://www.basketball-reference.comhttps://www.basketball-reference.com/players/d/daviste02.html,Kings
Delon Wright,DelonWright.jpg,185lb,6-5,https://www.basketball-reference.comhttps://www.basketball-reference.com/players/w/wrighde01.html,Kings
Maurice Harkless,MauriceHarkless.jpg,220lb,6-7,https://www.basketball-reference.comhttps://www.basketball-reference.com/players/h/harklma01.html,Kings
Damian Jones,DamianJones.jpg,245lb,6-11,https://www.basketball-reference.comhttps://www.basketball-reference.com/players/j/jonesda03.html,Kings
Jahmi'us Ramsey,JahmiusRamsey.jpg,190lb,6-3,https://www.basketball-reference.comhttps://www.basketball-reference.com/players/r/ramseja01.html,Kings
Robert Woodard,RobertWoodard.jpg,235lb,6-6,https://www.basketball-reference.comhttps://www.basketball-reference.com/players/w/woodaro01.html,Kings
Andrew Wiggins,AndrewWiggins.jpg,197lb,6-7,https://www.basketball-reference.comhttps://www.basketball-reference.com/players/w/wiggian01.html,Warriors
Kent Bazemore,KentBazemore.jpg,195lb,6-4,https://www.basketball-reference.comhttps://www.basketball-reference.com/players/b/bazemke01.html,Warriors
Stephen Curry,StephenCurry.jpg,185lb,6-3,https://www.basketball-reference.comhttps://www.basketball-reference.com/players/c/curryst01.html,Warriors
Draymond Green,DraymondGreen.jpg,230lb,6-6,https://www.basketball-reference.comhttps://www.basketball-reference.com/players/g/greendr01.html,Warriors
Kevon Looney,KevonLooney.jpg,222lb,6-9,https://www.basketball-reference.comhttps://www.basketball-reference.com/players/l/looneke01.html,Warriors
Mychal Mulder,MychalMulder.jpg,184lb,6-3,https://www.basketball-reference.comhttps://www.basketball-reference.com/players/m/muldemy01.html,Warriors
Damion Lee,DamionLee.jpg,210lb,6-5,https://www.basketball-reference.comhttps://www.basketball-reference.com/players/l/leeda03.html,Warriors
Kelly Oubre Jr.,KellyOubreJr.jpg,203lb,6-7,https://www.basketball-reference.comhttps://www.basketball-reference.com/players/o/oubreke01.html,Warriors
Juan Toscano-Anderson,JuanToscanoAnderson.jpg,209lb,6-6,https://www.basketball-reference.comhttps://www.basketball-reference.com/players/t/toscaju01.html,Warriors
Jordan Poole,JordanPoole.jpg,194lb,6-4,https://www.basketball-reference.comhttps://www.basketball-reference.com/players/p/poolejo01.html,Warriors
Eric Paschall,EricPaschall.jpg,255lb,6-6,https://www.basketball-reference.comhttps://www.basketball-reference.com/players/p/pascher01.html,Warriors
James Wiseman,JamesWiseman.jpg,240lb,7-0,https://www.basketball-reference.comhttps://www.basketball-reference.com/players/w/wisemja01.html,Warriors
Nico Mannion,NicoMannion.jpg,190lb,6-2,https://www.basketball-reference.comhttps://www.basketball-reference.com/players/m/mannini01.html,Warriors
Alen Smailagić,AlenSmailagi.jpg,215lb,6-10,https://www.basketball-reference.comhttps://www.basketball-reference.com/players/s/smailal01.html,Warriors
Gary Payton II,GaryPaytonII.jpg,190lb,6-3,https://www.basketball-reference.comhttps://www.basketball-reference.com/players/p/paytoga02.html,Warriors
Jordan Bell,JordanBell.jpg,216lb,6-8,https://www.basketball-reference.comhttps://www.basketball-reference.com/players/b/belljo01.html,Warriors
Klay Thompson,KlayThompson.jpg,215lb,6-6,https://www.basketball-reference.comhttps://www.basketball-reference.com/players/t/thompkl01.html,Warriors
Danny Green,DannyGreen.jpg,215lb,6-6,https://www.basketball-reference.comhttps://www.basketball-reference.com/players/g/greenda02.html,76ers
Dwight Howard,DwightHoward.jpg,265lb,6-10,https://www.basketball-reference.comhttps://www.basketball-reference.com/players/h/howardw01.html,76ers
Matisse Thybulle,MatisseThybulle.jpg,201lb,6-5,https://www.basketball-reference.comhttps://www.basketball-reference.com/players/t/thybuma01.html,76ers
Shake Milton,ShakeMilton.jpg,205lb,6-5,https://www.basketball-reference.comhttps://www.basketball-reference.com/players/m/miltosh01.html,76ers
Tobias Harris,TobiasHarris.jpg,226lb,6-8,https://www.basketball-reference.comhttps://www.basketball-reference.com/players/h/harrito02.html,76ers
Tyrese Maxey,TyreseMaxey.jpg,200lb,6-2,https://www.basketball-reference.comhttps://www.basketball-reference.com/players/m/maxeyty01.html,76ers
Ben Simmons,BenSimmons.jpg,240lb,6-11,https://www.basketball-reference.comhttps://www.basketball-reference.com/players/s/simmobe01.html,76ers
Seth Curry,SethCurry.jpg,185lb,6-2,https://www.basketball-reference.comhttps://www.basketball-reference.com/players/c/curryse01.html,76ers
Furkan Korkmaz,FurkanKorkmaz.jpg,202lb,6-7,https://www.basketball-reference.comhttps://www.basketball-reference.com/players/k/korkmfu01.html,76ers
Joel Embiid,JoelEmbiid.jpg,280lb,7-0,https://www.basketball-reference.comhttps://www.basketball-reference.com/players/e/embiijo01.html,76ers
Mike Scott,MikeScott.jpg,237lb,6-7,https://www.basketball-reference.comhttps://www.basketball-reference.com/players/s/scottmi01.html,76ers
Isaiah Joe,IsaiahJoe.jpg,165lb,6-4,https://www.basketball-reference.comhttps://www.basketball-reference.com/players/j/joeis01.html,76ers
Paul Reed,PaulReed.jpg,210lb,6-9,https://www.basketball-reference.comhttps://www.basketball-reference.com/players/r/reedpa01.html,76ers
George Hill,GeorgeHill.jpg,188lb,6-4,https://www.basketball-reference.comhttps://www.basketball-reference.com/players/h/hillge01.html,76ers
Rayjon Tucker,RayjonTucker.jpg,209lb,6-3,https://www.basketball-reference.comhttps://www.basketball-reference.com/players/t/tuckera01.html,76ers
Anthony Tolliver,AnthonyTolliver.jpg,240lb,6-8,https://www.basketball-reference.comhttps://www.basketball-reference.com/players/t/tollian01.html,76ers
Gary Clark,GaryClark.jpg,225lb,6-6,https://www.basketball-reference.comhttps://www.basketball-reference.com/players/c/clarkga01.html,76ers
Tyus Jones,TyusJones.jpg,196lb,6-0,https://www.basketball-reference.comhttps://www.basketball-reference.com/players/j/jonesty01.html,Grizzlies
Kyle Anderson,KyleAnderson.jpg,230lb,6-9,https://www.basketball-reference.comhttps://www.basketball-reference.com/players/a/anderky01.html,Grizzlies
Desmond Bane,DesmondBane.jpg,215lb,6-5,https://www.basketball-reference.comhttps://www.basketball-reference.com/players/b/banede01.html,Grizzlies
Dillon Brooks,DillonBrooks.jpg,225lb,6-7,https://www.basketball-reference.comhttps://www.basketball-reference.com/players/b/brookdi01.html,Grizzlies
Ja Morant,JaMorant.jpg,174lb,6-3,https://www.basketball-reference.comhttps://www.basketball-reference.com/players/m/moranja01.html,Grizzlies
Jonas Valančiūnas,JonasValaninas.jpg,265lb,6-11,https://www.basketball-reference.comhttps://www.basketball-reference.com/players/v/valanjo01.html,Grizzlies
Brandon Clarke,BrandonClarke.jpg,215lb,6-8,https://www.basketball-reference.comhttps://www.basketball-reference.com/players/c/clarkbr01.html,Grizzlies
Xavier Tillman Sr.,XavierTillmanSr.jpg,245lb,6-8,https://www.basketball-reference.comhttps://www.basketball-reference.com/players/t/tillmxa01.html,Grizzlies
De'Anthony Melton,DeAnthonyMelton.jpg,200lb,6-2,https://www.basketball-reference.comhttps://www.basketball-reference.com/players/m/meltode01.html,Grizzlies
Grayson Allen,GraysonAllen.jpg,198lb,6-4,https://www.basketball-reference.comhttps://www.basketball-reference.com/players/a/allengr01.html,Grizzlies
John Konchar,JohnKonchar.jpg,210lb,6-5,https://www.basketball-reference.comhttps://www.basketball-reference.com/players/k/konchjo01.html,Grizzlies
Justise Winslow,JustiseWinslow.jpg,222lb,6-6,https://www.basketball-reference.comhttps://www.basketball-reference.com/players/w/winslju01.html,Grizzlies
Killian Tillie,KillianTillie.jpg,220lb,6-9,https://www.basketball-reference.comhttps://www.basketball-reference.com/players/t/tilliki02.html,Grizzlies
Sean McDermott,SeanMcDermott.jpg,195lb,6-6,https://www.basketball-reference.comhttps://www.basketball-reference.com/players/m/mcderse01.html,Grizzlies
Jaren Jackson Jr.,JarenJacksonJr.jpg,242lb,6-11,https://www.basketball-reference.comhttps://www.basketball-reference.com/players/j/jacksja02.html,Grizzlies
Jontay Porter,JontayPorter.jpg,240lb,6-11,https://www.basketball-reference.comhttps://www.basketball-reference.com/players/p/portejo01.html,Grizzlies
Payton Pritchard,PaytonPritchard.jpg,195lb,6-1,https://www.basketball-reference.comhttps://www.basketball-reference.com/players/p/pritcpa01.html,Celtics
Jayson Tatum,JaysonTatum.jpg,210lb,6-8,https://www.basketball-reference.comhttps://www.basketball-reference.com/players/t/tatumja01.html,Celtics
Grant Williams,GrantWilliams.jpg,236lb,6-6,https://www.basketball-reference.comhttps://www.basketball-reference.com/players/w/willigr01.html,Celtics
Jaylen Brown,JaylenBrown.jpg,223lb,6-6,https://www.basketball-reference.comhttps://www.basketball-reference.com/players/b/brownja02.html,Celtics
Semi Ojeleye,SemiOjeleye.jpg,240lb,6-6,https://www.basketball-reference.comhttps://www.basketball-reference.com/players/o/ojelese01.html,Celtics
Tristan Thompson,TristanThompson.jpg,254lb,6-9,https://www.basketball-reference.comhttps://www.basketball-reference.com/players/t/thomptr01.html,Celtics
Robert Williams,RobertWilliams.jpg,237lb,6-8,https://www.basketball-reference.comhttps://www.basketball-reference.com/players/w/williro04.html,Celtics
Marcus Smart,MarcusSmart.jpg,220lb,6-3,https://www.basketball-reference.comhttps://www.basketball-reference.com/players/s/smartma01.html,Celtics
Aaron Nesmith,AaronNesmith.jpg,215lb,6-5,https://www.basketball-reference.comhttps://www.basketball-reference.com/players/n/nesmiaa01.html,Celtics
Kemba Walker,KembaWalker.jpg,184lb,6-0,https://www.basketball-reference.comhttps://www.basketball-reference.com/players/w/walkeke02.html,Celtics
Carsen Edwards,CarsenEdwards.jpg,200lb,5-11,https://www.basketball-reference.comhttps://www.basketball-reference.com/players/e/edwarca01.html,Celtics
Tremont Waters,TremontWaters.jpg,175lb,5-10,https://www.basketball-reference.comhttps://www.basketball-reference.com/players/w/watertr01.html,Celtics
Tacko Fall,TackoFall.jpg,311lb,7-5,https://www.basketball-reference.comhttps://www.basketball-reference.com/players/f/fallta01.html,Celtics
Luke Kornet,LukeKornet.jpg,250lb,7-2,https://www.basketball-reference.comhttps://www.basketball-reference.com/players/k/kornelu01.html,Celtics
Romeo Langford,RomeoLangford.jpg,216lb,6-4,https://www.basketball-reference.comhttps://www.basketball-reference.com/players/l/langfro01.html,Celtics
Evan Fournier,EvanFournier.jpg,205lb,6-7,https://www.basketball-reference.comhttps://www.basketball-reference.com/players/f/fournev01.html,Celtics
Jabari Parker,JabariParker.jpg,245lb,6-8,https://www.basketball-reference.comhttps://www.basketball-reference.com/players/p/parkeja01.html,Celtics
Tim Hardaway Jr.,TimHardawayJr.jpg,205lb,6-5,https://www.basketball-reference.comhttps://www.basketball-reference.com/players/h/hardati02.html,Mavericks
Jalen Brunson,JalenBrunson.jpg,190lb,6-1,https://www.basketball-reference.comhttps://www.basketball-reference.com/players/b/brunsja01.html,Mavericks
Luka Dončić,LukaDoni.jpg,230lb,6-7,https://www.basketball-reference.comhttps://www.basketball-reference.com/players/d/doncilu01.html,Mavericks
Trey Burke,TreyBurke.jpg,185lb,6-0,https://www.basketball-reference.comhttps://www.basketball-reference.com/players/b/burketr01.html,Mavericks
Dorian Finney-Smith,DorianFinneySmith.jpg,220lb,6-7,https://www.basketball-reference.comhttps://www.basketball-reference.com/players/f/finnedo01.html,Mavericks
Josh Richardson,JoshRichardson.jpg,200lb,6-5,https://www.basketball-reference.comhttps://www.basketball-reference.com/players/r/richajo01.html,Mavericks
Dwight Powell,DwightPowell.jpg,240lb,6-10,https://www.basketball-reference.comhttps://www.basketball-reference.com/players/p/poweldw01.html,Mavericks
Willie Cauley-Stein,WillieCauleyStein.jpg,240lb,7-0,https://www.basketball-reference.comhttps://www.basketball-reference.com/players/c/caulewi01.html,Mavericks
Maxi Kleber,MaxiKleber.jpg,240lb,6-10,https://www.basketball-reference.comhttps://www.basketball-reference.com/players/k/klebima01.html,Mavericks
Kristaps Porziņģis,KristapsPorziis.jpg,240lb,7-3,https://www.basketball-reference.comhttps://www.basketball-reference.com/players/p/porzikr01.html,Mavericks
Josh Green,JoshGreen.jpg,200lb,6-5,https://www.basketball-reference.comhttps://www.basketball-reference.com/players/g/greenjo02.html,Mavericks
Boban Marjanović,BobanMarjanovi.jpg,290lb,7-4,https://www.basketball-reference.comhttps://www.basketball-reference.com/players/m/marjabo01.html,Mavericks
Nicolò Melli,NicolMelli.jpg,236lb,6-9,https://www.basketball-reference.comhttps://www.basketball-reference.com/players/m/mellini01.html,Mavericks
Nate Hinton,NateHinton.jpg,210lb,6-5,https://www.basketball-reference.comhttps://www.basketball-reference.com/players/h/hintona01.html,Mavericks
Tyler Bey,TylerBey.jpg,215lb,6-7,https://www.basketball-reference.comhttps://www.basketball-reference.com/players/b/beyty01.html,Mavericks
J.J. Redick,JJRedick.jpg,200lb,6-3,https://www.basketball-reference.comhttps://www.basketball-reference.com/players/r/redicjj01.html,Mavericks
Tyrell Terry,TyrellTerry.jpg,160lb,6-2,https://www.basketball-reference.comhttps://www.basketball-reference.com/players/t/terryty01.html,Mavericks
Anthony Edwards,AnthonyEdwards.jpg,225lb,6-4,https://www.basketball-reference.comhttps://www.basketball-reference.com/players/e/edwaran01.html,Timberwolves
Naz Reid,NazReid.jpg,264lb,6-9,https://www.basketball-reference.comhttps://www.basketball-reference.com/players/r/reidna01.html,Timberwolves
Ricky Rubio,RickyRubio.jpg,190lb,6-3,https://www.basketball-reference.comhttps://www.basketball-reference.com/players/r/rubiori01.html,Timberwolves
Jarred Vanderbilt,JarredVanderbilt.jpg,214lb,6-9,https://www.basketball-reference.comhttps://www.basketball-reference.com/players/v/vandeja01.html,Timberwolves
Jaden McDaniels,JadenMcDaniels.jpg,185lb,6-9,https://www.basketball-reference.comhttps://www.basketball-reference.com/players/m/mcdanja02.html,Timberwolves
Josh Okogie,JoshOkogie.jpg,213lb,6-4,https://www.basketball-reference.comhttps://www.basketball-reference.com/players/o/okogijo01.html,Timberwolves
Juan Hernangómez,JuanHernangmez.jpg,214lb,6-9,https://www.basketball-reference.comhttps://www.basketball-reference.com/players/h/hernaju01.html,Timberwolves
Jordan McLaughlin,JordanMcLaughlin.jpg,185lb,5-11,https://www.basketball-reference.comhttps://www.basketball-reference.com/players/m/mclaujo01.html,Timberwolves
Karl-Anthony Towns,KarlAnthonyTowns.jpg,248lb,6-11,https://www.basketball-reference.comhttps://www.basketball-reference.com/players/t/townska01.html,Timberwolves
Jake Layman,JakeLayman.jpg,209lb,6-8,https://www.basketball-reference.comhttps://www.basketball-reference.com/players/l/laymaja01.html,Timberwolves
D'Angelo Russell,DAngeloRussell.jpg,193lb,6-4,https://www.basketball-reference.comhttps://www.basketball-reference.com/players/r/russeda01.html,Timberwolves
Jaylen Nowell,JaylenNowell.jpg,201lb,6-4,https://www.basketball-reference.comhttps://www.basketball-reference.com/players/n/nowelja01.html,Timberwolves
Malik Beasley,MalikBeasley.jpg,187lb,6-4,https://www.basketball-reference.comhttps://www.basketball-reference.com/players/b/beaslma01.html,Timberwolves
Jarrett Culver,JarrettCulver.jpg,195lb,6-6,https://www.basketball-reference.comhttps://www.basketball-reference.com/players/c/culveja01.html,Timberwolves
Ed Davis,EdDavis.jpg,218lb,6-9,https://www.basketball-reference.comhttps://www.basketball-reference.com/players/d/davised01.html,Timberwolves
Stanley Johnson,StanleyJohnson.jpg,242lb,6-6,https://www.basketball-reference.comhttps://www.basketball-reference.com/players/j/johnsst04.html,Raptors
Chris Boucher,ChrisBoucher.jpg,200lb,6-9,https://www.basketball-reference.comhttps://www.basketball-reference.com/players/b/bouchch01.html,Raptors
Pascal Siakam,PascalSiakam.jpg,230lb,6-9,https://www.basketball-reference.comhttps://www.basketball-reference.com/players/s/siakapa01.html,Raptors
Aron Baynes,AronBaynes.jpg,260lb,6-10,https://www.basketball-reference.comhttps://www.basketball-reference.com/players/b/baynear01.html,Raptors
Fred VanVleet,FredVanVleet.jpg,197lb,6-1,https://www.basketball-reference.comhttps://www.basketball-reference.com/players/v/vanvlfr01.html,Raptors
DeAndre' Bembry,DeAndreBembry.jpg,210lb,6-5,https://www.basketball-reference.comhttps://www.basketball-reference.com/players/b/bembrde01.html,Raptors
Yuta Watanabe,YutaWatanabe.jpg,215lb,6-9,https://www.basketball-reference.comhttps://www.basketball-reference.com/players/w/watanyu01.html,Raptors
Malachi Flynn,MalachiFlynn.jpg,175lb,6-1,https://www.basketball-reference.comhttps://www.basketball-reference.com/players/f/flynnma01.html,Raptors
Kyle Lowry,KyleLowry.jpg,196lb,6-0,https://www.basketball-reference.comhttps://www.basketball-reference.com/players/l/lowryky01.html,Raptors
OG Anunoby,OGAnunoby.jpg,232lb,6-7,https://www.basketball-reference.comhttps://www.basketball-reference.com/players/a/anunoog01.html,Raptors
Paul Watson,PaulWatson.jpg,210lb,6-6,https://www.basketball-reference.comhttps://www.basketball-reference.com/players/w/watsopa01.html,Raptors
Freddie Gillespie,FreddieGillespie.jpg,245lb,6-9,https://www.basketball-reference.comhttps://www.basketball-reference.com/players/g/gillefr01.html,Raptors
Khem Birch,KhemBirch.jpg,233lb,6-9,https://www.basketball-reference.comhttps://www.basketball-reference.com/players/b/birchkh01.html,Raptors
Gary Trent Jr.,GaryTrentJr.jpg,209lb,6-5,https://www.basketball-reference.comhttps://www.basketball-reference.com/players/t/trentga02.html,Raptors
Rodney Hood,RodneyHood.jpg,208lb,6-8,https://www.basketball-reference.comhttps://www.basketball-reference.com/players/h/hoodro01.html,Raptors
Jalen Harris,JalenHarris.jpg,195lb,6-5,https://www.basketball-reference.comhttps://www.basketball-reference.com/players/h/harrija01.html,Raptors
Keldon Johnson,KeldonJohnson.jpg,220lb,6-5,https://www.basketball-reference.comhttps://www.basketball-reference.com/players/j/johnske04.html,Spurs
Jakob Poeltl,JakobPoeltl.jpg,245lb,7-1,https://www.basketball-reference.comhttps://www.basketball-reference.com/players/p/poeltja01.html,Spurs
Patty Mills,PattyMills.jpg,180lb,6-1,https://www.basketball-reference.comhttps://www.basketball-reference.com/players/m/millspa02.html,Spurs
Dejounte Murray,DejounteMurray.jpg,180lb,6-4,https://www.basketball-reference.comhttps://www.basketball-reference.com/players/m/murrade01.html,Spurs
Rudy Gay,RudyGay.jpg,250lb,6-8,https://www.basketball-reference.comhttps://www.basketball-reference.com/players/g/gayru01.html,Spurs
Devin Vassell,DevinVassell.jpg,200lb,6-5,https://www.basketball-reference.comhttps://www.basketball-reference.com/players/v/vassede01.html,Spurs
DeMar DeRozan,DeMarDeRozan.jpg,220lb,6-6,https://www.basketball-reference.comhttps://www.basketball-reference.com/players/d/derozde01.html,Spurs
Lonnie Walker,LonnieWalker.jpg,204lb,6-4,https://www.basketball-reference.comhttps://www.basketball-reference.com/players/w/walkelo01.html,Spurs
Drew Eubanks,DrewEubanks.jpg,245lb,6-9,https://www.basketball-reference.comhttps://www.basketball-reference.com/players/e/eubandr01.html,Spurs
Tre Jones,TreJones.jpg,185lb,6-1,https://www.basketball-reference.comhttps://www.basketball-reference.com/players/j/jonestr01.html,Spurs
Derrick White,DerrickWhite.jpg,190lb,6-4,https://www.basketball-reference.comhttps://www.basketball-reference.com/players/w/whitede01.html,Spurs
Luka Šamanić,Lukaamani.jpg,227lb,6-10,https://www.basketball-reference.comhttps://www.basketball-reference.com/players/s/samanlu01.html,Spurs
Keita Bates-Diop,KeitaBatesDiop.jpg,229lb,6-8,https://www.basketball-reference.comhttps://www.basketball-reference.com/players/b/bateske01.html,Spurs
Trey Lyles,TreyLyles.jpg,234lb,6-9,https://www.basketball-reference.comhttps://www.basketball-reference.com/players/l/lylestr01.html,Spurs
Quinndary Weatherspoon,QuinndaryWeatherspoon.jpg,205lb,6-3,https://www.basketball-reference.comhttps://www.basketball-reference.com/players/w/weathqu01.html,Spurs
Gorgui Dieng,GorguiDieng.jpg,252lb,6-10,https://www.basketball-reference.comhttps://www.basketball-reference.com/players/d/dienggo01.html,Spurs
DaQuan Jeffries,DaQuanJeffries.jpg,230lb,6-5,https://www.basketball-reference.comhttps://www.basketball-reference.com/players/j/jeffrda01.html,Spurs
Patrick Williams,PatrickWilliams.jpg,215lb,6-7,https://www.basketball-reference.comhttps://www.basketball-reference.com/players/w/willipa01.html,Bulls
Coby White,CobyWhite.jpg,195lb,6-5,https://www.basketball-reference.comhttps://www.basketball-reference.com/players/w/whiteco01.html,Bulls
Thaddeus Young,ThaddeusYoung.jpg,235lb,6-8,https://www.basketball-reference.comhttps://www.basketball-reference.com/players/y/youngth01.html,Bulls
Denzel Valentine,DenzelValentine.jpg,220lb,6-4,https://www.basketball-reference.comhttps://www.basketball-reference.com/players/v/valende01.html,Bulls
Zach LaVine,ZachLaVine.jpg,200lb,6-5,https://www.basketball-reference.comhttps://www.basketball-reference.com/players/l/lavinza01.html,Bulls
Tomáš Satoranský,TomSatoransk.jpg,210lb,6-7,https://www.basketball-reference.comhttps://www.basketball-reference.com/players/s/satorto01.html,Bulls
Garrett Temple,GarrettTemple.jpg,195lb,6-5,https://www.basketball-reference.comhttps://www.basketball-reference.com/players/t/templga01.html,Bulls
Lauri Markkanen,LauriMarkkanen.jpg,240lb,7-0,https://www.basketball-reference.comhttps://www.basketball-reference.com/players/m/markkla01.html,Bulls
Ryan Arcidiacono,RyanArcidiacono.jpg,195lb,6-3,https://www.basketball-reference.comhttps://www.basketball-reference.com/players/a/arcidry01.html,Bulls
Nikola Vučević,NikolaVuevi.jpg,260lb,6-11,https://www.basketball-reference.comhttps://www.basketball-reference.com/players/v/vucevni01.html,Bulls
Daniel Theis,DanielTheis.jpg,245lb,6-8,https://www.basketball-reference.comhttps://www.basketball-reference.com/players/t/theisda01.html,Bulls
Cristiano Felício,CristianoFelcio.jpg,270lb,6-11,https://www.basketball-reference.comhttps://www.basketball-reference.com/players/f/feliccr01.html,Bulls
Javonte Green,JavonteGreen.jpg,205lb,6-4,https://www.basketball-reference.comhttps://www.basketball-reference.com/players/g/greenja02.html,Bulls
Adam Mokoka,AdamMokoka.jpg,190lb,6-4,https://www.basketball-reference.comhttps://www.basketball-reference.com/players/m/mokokad01.html,Bulls
Troy Brown Jr.,TroyBrownJr.jpg,215lb,6-6,https://www.basketball-reference.comhttps://www.basketball-reference.com/players/b/browntr01.html,Bulls
Devon Dotson,DevonDotson.jpg,185lb,6-2,https://www.basketball-reference.comhttps://www.basketball-reference.com/players/d/dotsode01.html,Bulls
Al-Farouq Aminu,AlFarouqAminu.jpg,220lb,6-8,https://www.basketball-reference.comhttps://www.basketball-reference.com/players/a/aminual01.html,Bulls
Montrezl Harrell,MontrezlHarrell.jpg,240lb,6-7,https://www.basketball-reference.comhttps://www.basketball-reference.com/players/h/harremo01.html,Lakers
Kyle Kuzma,KyleKuzma.jpg,221lb,6-10,https://www.basketball-reference.comhttps://www.basketball-reference.com/players/k/kuzmaky01.html,Lakers
Kentavious Caldwell-Pope,KentaviousCaldwellPope.jpg,204lb,6-5,https://www.basketball-reference.comhttps://www.basketball-reference.com/players/c/caldwke01.html,Lakers
Talen Horton-Tucker,TalenHortonTucker.jpg,234lb,6-4,https://www.basketball-reference.comhttps://www.basketball-reference.com/players/h/hortota01.html,Lakers
Dennis Schröder,DennisSchrder.jpg,172lb,6-3,https://www.basketball-reference.comhttps://www.basketball-reference.com/players/s/schrode01.html,Lakers
Markieff Morris,MarkieffMorris.jpg,245lb,6-9,https://www.basketball-reference.comhttps://www.basketball-reference.com/players/m/morrima02.html,Lakers
Alex Caruso,AlexCaruso.jpg,186lb,6-4,https://www.basketball-reference.comhttps://www.basketball-reference.com/players/c/carusal01.html,Lakers
Wesley Matthews,WesleyMatthews.jpg,220lb,6-4,https://www.basketball-reference.comhttps://www.basketball-reference.com/players/m/matthwe02.html,Lakers
Marc Gasol,MarcGasol.jpg,255lb,6-11,https://www.basketball-reference.comhttps://www.basketball-reference.com/players/g/gasolma01.html,Lakers
LeBron James,LeBronJames.jpg,250lb,6-9,https://www.basketball-reference.comhttps://www.basketball-reference.com/players/j/jamesle01.html,Lakers
Alfonzo McKinnie,AlfonzoMcKinnie.jpg,215lb,6-7,https://www.basketball-reference.comhttps://www.basketball-reference.com/players/m/mckinal01.html,Lakers
Anthony Davis,AnthonyDavis.jpg,253lb,6-10,https://www.basketball-reference.comhttps://www.basketball-reference.com/players/d/davisan02.html,Lakers
Andre Drummond,AndreDrummond.jpg,279lb,6-10,https://www.basketball-reference.comhttps://www.basketball-reference.com/players/d/drumman01.html,Lakers
Ben McLemore,BenMcLemore.jpg,195lb,6-3,https://www.basketball-reference.comhttps://www.basketball-reference.com/players/m/mclembe01.html,Lakers
Devontae Cacok,DevontaeCacok.jpg,240lb,6-7,https://www.basketball-reference.comhttps://www.basketball-reference.com/players/c/cacokde01.html,Lakers
Kostas Antetokounmpo,KostasAntetokounmpo.jpg,200lb,6-10,https://www.basketball-reference.comhttps://www.basketball-reference.com/players/a/antetko01.html,Lakers
Jared Dudley,JaredDudley.jpg,237lb,6-6,https://www.basketball-reference.comhttps://www.basketball-reference.com/players/d/dudleja01.html,Lakers
Terry Rozier,TerryRozier.jpg,190lb,6-1,https://www.basketball-reference.comhttps://www.basketball-reference.com/players/r/roziete01.html,Hornets
Miles Bridges,MilesBridges.jpg,225lb,6-6,https://www.basketball-reference.comhttps://www.basketball-reference.com/players/b/bridgmi02.html,Hornets
Bismack Biyombo,BismackBiyombo.jpg,255lb,6-8,https://www.basketball-reference.comhttps://www.basketball-reference.com/players/b/biyombi01.html,Hornets
P.J. Washington,PJWashington.jpg,230lb,6-7,https://www.basketball-reference.comhttps://www.basketball-reference.com/players/w/washipj01.html,Hornets
Devonte' Graham,DevonteGraham.jpg,195lb,6-1,https://www.basketball-reference.comhttps://www.basketball-reference.com/players/g/grahade01.html,Hornets
Caleb Martin,CalebMartin.jpg,205lb,6-5,https://www.basketball-reference.comhttps://www.basketball-reference.com/players/m/martica02.html,Hornets
Cody Martin,CodyMartin.jpg,205lb,6-5,https://www.basketball-reference.comhttps://www.basketball-reference.com/players/m/martico01.html,Hornets
LaMelo Ball,LaMeloBall.jpg,180lb,6-6,https://www.basketball-reference.comhttps://www.basketball-reference.com/players/b/ballla01.html,Hornets
Cody Zeller,CodyZeller.jpg,240lb,6-11,https://www.basketball-reference.comhttps://www.basketball-reference.com/players/z/zelleco01.html,Hornets
Jalen McDaniels,JalenMcDaniels.jpg,205lb,6-9,https://www.basketball-reference.comhttps://www.basketball-reference.com/players/m/mcdanja01.html,Hornets
Gordon Hayward,GordonHayward.jpg,225lb,6-7,https://www.basketball-reference.comhttps://www.basketball-reference.com/players/h/haywago01.html,Hornets
Malik Monk,MalikMonk.jpg,200lb,6-3,https://www.basketball-reference.comhttps://www.basketball-reference.com/players/m/monkma01.html,Hornets
Brad Wanamaker,BradWanamaker.jpg,210lb,6-3,https://www.basketball-reference.comhttps://www.basketball-reference.com/players/w/wanambr01.html,Hornets
Vernon Carey Jr.,VernonCareyJr.jpg,270lb,6-9,https://www.basketball-reference.comhttps://www.basketball-reference.com/players/c/careyve01.html,Hornets
Nick Richards,NickRichards.jpg,245lb,7-0,https://www.basketball-reference.comhttps://www.basketball-reference.com/players/r/richani01.html,Hornets
Grant Riller,GrantRiller.jpg,190lb,6-2,https://www.basketball-reference.comhttps://www.basketball-reference.com/players/r/rillegr01.html,Hornets
Nate Darling,NateDarling.jpg,200lb,6-6,https://www.basketball-reference.comhttps://www.basketball-reference.com/players/d/darlina01.html,Hornets
Jae'Sean Tate,JaeSeanTate.jpg,230lb,6-4,https://www.basketball-reference.comhttps://www.basketball-reference.com/players/t/tateja01.html,Rockets
Sterling Brown,SterlingBrown.jpg,219lb,6-5,https://www.basketball-reference.comhttps://www.basketball-reference.com/players/b/brownst02.html,Rockets
Kenyon Martin Jr.,KenyonMartinJr.jpg,215lb,6-6,https://www.basketball-reference.comhttps://www.basketball-reference.com/players/m/martike04.html,Rockets
Christian Wood,ChristianWood.jpg,214lb,6-10,https://www.basketball-reference.comhttps://www.basketball-reference.com/players/w/woodch01.html,Rockets
John Wall,JohnWall.jpg,210lb,6-3,https://www.basketball-reference.comhttps://www.basketball-reference.com/players/w/walljo01.html,Rockets
Danuel House,DanuelHouse.jpg,220lb,6-6,https://www.basketball-reference.comhttps://www.basketball-reference.com/players/h/houseda01.html,Rockets
David Nwaba,DavidNwaba.jpg,219lb,6-5,https://www.basketball-reference.comhttps://www.basketball-reference.com/players/n/nwabada01.html,Rockets
Kelly Olynyk,KellyOlynyk.jpg,240lb,6-11,https://www.basketball-reference.comhttps://www.basketball-reference.com/players/o/olynyke01.html,Rockets
Eric Gordon,EricGordon.jpg,215lb,6-3,https://www.basketball-reference.comhttps://www.basketball-reference.com/players/g/gordoer01.html,Rockets
Kevin Porter Jr.,KevinPorterJr.jpg,203lb,6-4,https://www.basketball-reference.comhttps://www.basketball-reference.com/players/p/porteke02.html,Rockets
Anthony Lamb,AnthonyLamb.jpg,227lb,6-6,https://www.basketball-reference.comhttps://www.basketball-reference.com/players/l/lamban01.html,Rockets
D.J. Wilson,DJWilson.jpg,231lb,6-10,https://www.basketball-reference.comhttps://www.basketball-reference.com/players/w/wilsodj01.html,Rockets
Armoni Brooks,ArmoniBrooks.jpg,195lb,6-3,https://www.basketball-reference.comhttps://www.basketball-reference.com/players/b/brookar01.html,Rockets
D.J. Augustin,DJAugustin.jpg,183lb,5-11,https://www.basketball-reference.comhttps://www.basketball-reference.com/players/a/augusdj01.html,Rockets
Avery Bradley,AveryBradley.jpg,180lb,6-3,https://www.basketball-reference.comhttps://www.basketball-reference.com/players/b/bradlav01.html,Rockets
Khyri Thomas,KhyriThomas.jpg,210lb,6-3,https://www.basketball-reference.comhttps://www.basketball-reference.com/players/t/thomakh01.html,Rockets
Dante Exum,DanteExum.jpg,214lb,6-5,https://www.basketball-reference.comhttps://www.basketball-reference.com/players/e/exumda01.html,Rockets
Duncan Robinson,DuncanRobinson.jpg,215lb,6-7,https://www.basketball-reference.comhttps://www.basketball-reference.com/players/r/robindu01.html,Heat
Bam Adebayo,BamAdebayo.jpg,255lb,6-9,https://www.basketball-reference.comhttps://www.basketball-reference.com/players/a/adebaba01.html,Heat
Andre Iguodala,AndreIguodala.jpg,215lb,6-6,https://www.basketball-reference.comhttps://www.basketball-reference.com/players/i/iguodan01.html,Heat
Precious Achiuwa,PreciousAchiuwa.jpg,225lb,6-8,https://www.basketball-reference.comhttps://www.basketball-reference.com/players/a/achiupr01.html,Heat
Kendrick Nunn,KendrickNunn.jpg,190lb,6-2,https://www.basketball-reference.comhttps://www.basketball-reference.com/players/n/nunnke01.html,Heat
Tyler Herro,TylerHerro.jpg,195lb,6-5,https://www.basketball-reference.comhttps://www.basketball-reference.com/players/h/herroty01.html,Heat
Jimmy Butler,JimmyButler.jpg,230lb,6-7,https://www.basketball-reference.comhttps://www.basketball-reference.com/players/b/butleji01.html,Heat
Goran Dragić,GoranDragi.jpg,190lb,6-3,https://www.basketball-reference.comhttps://www.basketball-reference.com/players/d/dragigo01.html,Heat
Gabe Vincent,GabeVincent.jpg,200lb,6-3,https://www.basketball-reference.comhttps://www.basketball-reference.com/players/v/vincega01.html,Heat
Max Strus,MaxStrus.jpg,215lb,6-5,https://www.basketball-reference.comhttps://www.basketball-reference.com/players/s/strusma01.html,Heat
KZ Okpala,KZOkpala.jpg,215lb,6-8,https://www.basketball-reference.comhttps://www.basketball-reference.com/players/o/okpalkz01.html,Heat
Trevor Ariza,TrevorAriza.jpg,215lb,6-8,https://www.basketball-reference.comhttps://www.basketball-reference.com/players/a/arizatr01.html,Heat
Dewayne Dedmon,DewayneDedmon.jpg,245lb,7-0,https://www.basketball-reference.comhttps://www.basketball-reference.com/players/d/dedmode01.html,Heat
Nemanja Bjelica,NemanjaBjelica.jpg,234lb,6-10,https://www.basketball-reference.comhttps://www.basketball-reference.com/players/b/bjeline01.html,Heat
Victor Oladipo,VictorOladipo.jpg,213lb,6-4,https://www.basketball-reference.comhttps://www.basketball-reference.com/players/o/oladivi01.html,Heat
Udonis Haslem,UdonisHaslem.jpg,235lb,6-8,https://www.basketball-reference.comhttps://www.basketball-reference.com/players/h/hasleud01.html,Heat
Omer Yurtseven,OmerYurtseven.jpg,264lb,7-0,https://www.basketball-reference.comhttps://www.basketball-reference.com/players/y/yurtsom01.html,Heat
RJ Barrett,RJBarrett.jpg,214lb,6-6,https://www.basketball-reference.comhttps://www.basketball-reference.com/players/b/barrerj01.html,Knicks
Julius Randle,JuliusRandle.jpg,250lb,6-8,https://www.basketball-reference.comhttps://www.basketball-reference.com/players/r/randlju01.html,Knicks
Reggie Bullock,ReggieBullock.jpg,205lb,6-6,https://www.basketball-reference.comhttps://www.basketball-reference.com/players/b/bullore01.html,Knicks
Immanuel Quickley,ImmanuelQuickley.jpg,190lb,6-3,https://www.basketball-reference.comhttps://www.basketball-reference.com/players/q/quickim01.html,Knicks
Nerlens Noel,NerlensNoel.jpg,220lb,6-11,https://www.basketball-reference.comhttps://www.basketball-reference.com/players/n/noelne01.html,Knicks
Elfrid Payton,ElfridPayton.jpg,195lb,6-3,https://www.basketball-reference.comhttps://www.basketball-reference.com/players/p/paytoel01.html,Knicks
Obi Toppin,ObiToppin.jpg,220lb,6-9,https://www.basketball-reference.comhttps://www.basketball-reference.com/players/t/toppiob01.html,Knicks
Alec Burks,AlecBurks.jpg,214lb,6-6,https://www.bi['piasketball-reference.comhttps://www.basketball-reference.com/players/b/burksal01.html,Knicks
Taj Gibson,TajGibson.jpg,232lb,6-9,https://www.basketball-reference.comhttps://www.basketball-reference.com/players/g/gibsota01.html,Knicks
Kevin Knox,KevinKnox.jpg,215lb,6-7,https://www.basketball-reference.comhttps://www.basketball-reference.com/players/k/knoxke01.html,Knicks
Derrick Rose,DerrickRose.jpg,200lb,6-2,https://www.basketball-reference.comhttps://www.basketball-reference.com/players/r/rosede01.html,Knicks
Frank Ntilikina,FrankNtilikina.jpg,200lb,6-4,https://www.basketball-reference.comhttps://www.basketball-reference.com/players/n/ntilila01.html,Knicks
Mitchell Robinson,MitchellRobinson.jpg,240lb,7-0,https://www.basketball-reference.comhttps://www.basketball-reference.com/players/r/robinmi01.html,Knicks
Theo Pinson,TheoPinson.jpg,212lb,6-5,https://www.basketball-reference.comhttps://www.basketball-reference.com/players/p/pinsoth01.html,Knicks
Norvel Pelle,NorvelPelle.jpg,231lb,6-10,https://www.basketball-reference.comhttps://www.basketball-reference.com/players/p/pelleno01.html,Knicks
Luca Vildoza,LucaVildoza.jpg,190lb,6-3,https://www.basketball-reference.comhttps://www.basketball-reference.com/players/v/vildolu01.html,Knicks
Saddiq Bey,SaddiqBey.jpg,215lb,6-7,https://www.basketball-reference.comhttps://www.basketball-reference.com/players/b/beysa01.html,Pistons
Isaiah Stewart,IsaiahStewart.jpg,250lb,6-8,https://www.basketball-reference.comhttps://www.basketball-reference.com/players/s/stewais01.html,Pistons
Josh Jackson,JoshJackson.jpg,207lb,6-8,https://www.basketball-reference.comhttps://www.basketball-reference.com/players/j/jacksjo02.html,Pistons
Mason Plumlee,MasonPlumlee.jpg,254lb,6-11,https://www.basketball-reference.comhttps://www.basketball-reference.com/players/p/plumlma01.html,Pistons
Sekou Doumbouya,SekouDoumbouya.jpg,230lb,6-8,https://www.basketball-reference.comhttps://www.basketball-reference.com/players/d/doumbse01.html,Pistons
Jerami Grant,JeramiGrant.jpg,210lb,6-8,https://www.basketball-reference.comhttps://www.basketball-reference.com/players/g/grantje01.html,Pistons
Saben Lee,SabenLee.jpg,183lb,6-2,https://www.basketball-reference.comhttps://www.basketball-reference.com/players/l/leesa01.html,Pistons
Wayne Ellington,WayneEllington.jpg,207lb,6-4,https://www.basketball-reference.comhttps://www.basketball-reference.com/players/e/ellinwa01.html,Pistons
Frank Jackson,FrankJackson.jpg,205lb,6-3,https://www.basketball-reference.comhttps://www.basketball-reference.com/players/j/jacksfr01.html,Pistons
Jahlil Okafor,JahlilOkafor.jpg,270lb,6-10,https://www.basketball-reference.comhttps://www.basketball-reference.com/players/o/okafoja01.html,Pistons
Killian Hayes,KillianHayes.jpg,195lb,6-5,https://www.basketball-reference.comhttps://www.basketball-reference.com/players/h/hayeski01.html,Pistons
Hamidou Diallo,HamidouDiallo.jpg,202lb,6-5,https://www.basketball-reference.comhttps://www.basketball-reference.com/players/d/diallha01.html,Pistons
Dennis Smith Jr.,DennisSmithJr.jpg,205lb,6-2,https://www.basketball-reference.comhttps://www.basketball-reference.com/players/s/smithde03.html,Pistons
Deividas Sirvydis,DeividasSirvydis.jpg,190lb,6-8,https://www.basketball-reference.comhttps://www.basketball-reference.com/players/s/sirvyde01.html,Pistons
Cory Joseph,CoryJoseph.jpg,200lb,6-3,https://www.basketball-reference.comhttps://www.basketball-reference.com/players/j/josepco01.html,Pistons
Rodney McGruder,RodneyMcGruder.jpg,205lb,6-4,https://www.basketball-reference.comhttps://www.basketball-reference.com/players/m/mcgruro01.html,Pistons
Kenrich Williams,KenrichWilliams.jpg,210lb,6-6,https://www.basketball-reference.comhttps://www.basketball-reference.com/players/w/willike04.html,Thunder
Théo Maledon,ThoMaledon.jpg,175lb,6-4,https://www.basketball-reference.comhttps://www.basketball-reference.com/players/m/maledth01.html,Thunder
Isaiah Roby,IsaiahRoby.jpg,230lb,6-8,https://www.basketball-reference.comhttps://www.basketball-reference.com/players/r/robyis01.html,Thunder
Darius Bazley,DariusBazley.jpg,208lb,6-8,https://www.basketball-reference.comhttps://www.basketball-reference.com/players/b/bazleda01.html,Thunder
Luguentz Dort,LuguentzDort.jpg,215lb,6-3,https://www.basketball-reference.comhttps://www.basketball-reference.com/players/d/dortlu01.html,Thunder
Aleksej Pokusevski,AleksejPokusevski.jpg,190lb,7-0,https://www.basketball-reference.comhttps://www.basketball-reference.com/players/p/pokusal01.html,Thunder
Moses Brown,MosesBrown.jpg,245lb,7-2,https://www.basketball-reference.comhttps://www.basketball-reference.com/players/b/brownmo01.html,Thunder
Shai Gilgeous-Alexander,ShaiGilgeousAlexander.jpg,180lb,6-6,https://www.basketball-reference.comhttps://www.basketball-reference.com/players/g/gilgesh01.html,Thunder
Mike Muscala,MikeMuscala.jpg,240lb,6-10,https://www.basketball-reference.comhttps://www.basketball-reference.com/players/m/muscami01.html,Thunder
Ty Jerome,TyJerome.jpg,195lb,6-5,https://www.basketball-reference.comhttps://www.basketball-reference.com/players/j/jeromty01.html,Thunder
Sviatoslav Mykhailiuk,SviatoslavMykhailiuk.jpg,205lb,6-7,https://www.basketball-reference.comhttps://www.basketball-reference.com/players/m/mykhasv01.html,Thunder
Al Horford,AlHorford.jpg,240lb,6-9,https://www.basketball-reference.comhttps://www.basketball-reference.com/players/h/horfoal01.html,Thunder
Tony Bradley,TonyBradley.jpg,248lb,6-10,https://www.basketball-reference.comhttps://www.basketball-reference.com/players/b/bradlto01.html,Thunder
Josh Hall,JoshHall.jpg,190lb,6-9,https://www.basketball-reference.comhttps://www.basketball-reference.com/players/h/halljo01.html,Thunder
Jaylen Hoard,JaylenHoard.jpg,216lb,6-8,https://www.basketball-reference.comhttps://www.basketball-reference.com/players/h/hoardja01.html,Thunder
Gabriel Deck,GabrielDeck.jpg,232lb,6-8,https://www.basketball-reference.comhttps://www.basketball-reference.com/players/d/deckga01.html,Thunder
Dwayne Bacon,DwayneBacon.jpg,221lb,6-6,https://www.basketball-reference.comhttps://www.basketball-reference.com/players/b/bacondw01.html,Magic
Cole Anthony,ColeAnthony.jpg,185lb,6-2,https://www.basketball-reference.comhttps://www.basketball-reference.com/players/a/anthoco01.html,Magic
Terrence Ross,TerrenceRoss.jpg,206lb,6-6,https://www.basketball-reference.comhttps://www.basketball-reference.com/players/r/rosste01.html,Magic
Mo Bamba,MoBamba.jpg,231lb,7-0,https://www.basketball-reference.comhttps://www.basketball-reference.com/players/b/bambamo01.html,Magic
Chuma Okeke,ChumaOkeke.jpg,229lb,6-6,https://www.basketball-reference.comhttps://www.basketball-reference.com/players/o/okekech01.html,Magic
James Ennis,JamesEnnis.jpg,215lb,6-6,https://www.basketball-reference.comhttps://www.basketball-reference.com/players/e/ennisja01.html,Magic
Chasson Randle,ChassonRandle.jpg,185lb,6-2,https://www.basketball-reference.comhttps://www.basketball-reference.com/players/r/randlch01.html,Magic
Michael Carter-Williams,MichaelCarterWilliams.jpg,190lb,6-5,https://www.basketball-reference.comhttps://www.basketball-reference.com/players/c/cartemi01.html,Magic
R.J. Hampton,RJHampton.jpg,175lb,6-4,https://www.basketball-reference.comhttps://www.basketball-reference.com/players/h/hamptrj01.html,Magic
Wendell Carter Jr.,WendellCarterJr.jpg,270lb,6-10,https://www.basketball-reference.comhttps://www.basketball-reference.com/players/c/cartewe01.html,Magic
Gary Harris,GaryHarris.jpg,210lb,6-4,https://www.basketball-reference.comhttps://www.basketball-reference.com/players/h/harriga01.html,Magic
Moritz Wagner,MoritzWagner.jpg,245lb,6-11,https://www.basketball-reference.comhttps://www.basketball-reference.com/players/w/wagnemo01.html,Magic
Markelle Fultz,MarkelleFultz.jpg,209lb,6-3,https://www.basketball-reference.comhttps://www.basketball-reference.com/players/f/fultzma01.html,Magic
Ignas Brazdeikis,IgnasBrazdeikis.jpg,221lb,6-6,https://www.basketball-reference.comhttps://www.basketball-reference.com/players/b/brazdig01.html,Magic
Sindarius Thornwell,SindariusThornwell.jpg,215lb,6-4,https://www.basketball-reference.comhttps://www.basketball-reference.com/players/t/thornsi01.html,Magic
Otto Porter,OttoPorter.jpg,198lb,6-8,https://www.basketball-reference.comhttps://www.basketball-reference.com/players/p/porteot01.html,Magic
Jonathan Isaac,JonathanIsaac.jpg,230lb,6-11,https://www.basketball-reference.comhttps://www.basketball-reference.com/players/i/isaacjo01.html,Magic
Isaac Okoro,IsaacOkoro.jpg,225lb,6-5,https://www.basketball-reference.comhttps://www.basketball-reference.com/players/o/okorois01.html,Cavaliers
Dean Wade,DeanWade.jpg,228lb,6-9,https://www.basketball-reference.comhttps://www.basketball-reference.com/players/w/wadede01.html,Cavaliers
Collin Sexton,CollinSexton.jpg,190lb,6-1,https://www.basketball-reference.comhttps://www.basketball-reference.com/players/s/sextoco01.html,Cavaliers
Cedi Osman,CediOsman.jpg,230lb,6-7,https://www.basketball-reference.comhttps://www.basketball-reference.com/players/o/osmande01.html,Cavaliers
Darius Garland,DariusGarland.jpg,192lb,6-1,https://www.basketball-reference.comhttps://www.basketball-reference.com/players/g/garlada01.html,Cavaliers
Jarrett Allen,JarrettAllen.jpg,243lb,6-11,https://www.basketball-reference.comhttps://www.basketball-reference.com/players/a/allenja01.html,Cavaliers
Damyean Dotson,DamyeanDotson.jpg,210lb,6-5,https://www.basketball-reference.comhttps://www.basketball-reference.com/players/d/dotsoda01.html,Cavaliers
Lamar Stevens,LamarStevens.jpg,230lb,6-6,https://www.basketball-reference.comhttps://www.basketball-reference.com/players/s/stevela01.html,Cavaliers
Larry Nance Jr.,LarryNanceJr.jpg,245lb,6-7,https://www.basketball-reference.comhttps://www.basketball-reference.com/players/n/nancela02.html,Cavaliers
Dylan Windler,DylanWindler.jpg,196lb,6-6,https://www.basketball-reference.comhttps://www.basketball-reference.com/players/w/windldy01.html,Cavaliers
Taurean Prince,TaureanPrince.jpg,218lb,6-7,https://www.basketball-reference.comhttps://www.basketball-reference.com/players/p/princta02.html,Cavaliers
Brodric Thomas,BrodricThomas.jpg,185lb,6-5,https://www.basketball-reference.comhttps://www.basketball-reference.com/players/t/thomabr01.html,Cavaliers
Kevin Love,KevinLove.jpg,251lb,6-8,https://www.basketball-reference.comhttps://www.basketball-reference.com/players/l/loveke01.html,Cavaliers
Isaiah Hartenstein,IsaiahHartenstein.jpg,250lb,7-0,https://www.basketball-reference.comhttps://www.basketball-reference.com/players/h/harteis01.html,Cavaliers
Matthew Dellavedova,MatthewDellavedova.jpg,200lb,6-3,https://www.basketball-reference.comhttps://www.basketball-reference.com/players/d/dellama01.html,Cavaliers
Jeremiah Martin,JeremiahMartin.jpg,185lb,6-3,https://www.basketball-reference.comhttps://www.basketball-reference.com/players/m/martije02.html,Cavaliers
